Generation,Bug,Dark,Dragon,Electric,Fairy,Fighting,Fire,Flying,Ghost,Grass,Ground,Ice,Normal,Poison,Psychic,Rock,Steel,Water
1,55.416666666666664,,64.33333333333333,54.44444444444444,82.5,63.57142857142857,63.833333333333336,,45.0,65.0,58.125,77.5,78.68181818181819,64.5,63.875,53.888888888888886,,64.53571428571429
2,56.5,66.0,,61.666666666666664,58.0,42.5,66.375,,60.0,58.888888888888886,81.66666666666667,60.0,87.2,85.0,87.71428571428571,72.5,70.0,76.38888888888889
3,49.833333333333336,55.0,77.85714285714286,57.5,,76.5,64.16666666666667,,42.0,62.416666666666664,62.5,80.0,68.66666666666667,81.0,60.5,65.25,65.55555555555556,70.16666666666667
4,58.75,80.0,78.0,62.857142857142854,85.0,55.0,70.0,,90.83333333333333,71.46153846153847,91.5,81.66666666666667,80.52941176470588,67.83333333333333,69.0,60.666666666666664,74.66666666666667,73.92307692307692
5,59.111111111111114,63.53846153846154,84.28571428571429,62.714285714285715,,81.42857142857143,81.25,79.0,53.2,65.8,80.11111111111111,63.0,72.3529411764706,65.0,72.21428571428571,71.83333333333333,62.75,78.0
6,54.333333333333336,88.33333333333333,77.75,57.666666666666664,80.0,80.0,66.0,62.5,60.5,78.8,,75.0,60.75,57.5,72.0,69.25,55.25,57.6
